{"cameraMode":{"drawMode":2,"name":"Shaded Wireframe","section":"Shading Mode"},"sceneLighting":true,"audioPlay":false,"sceneViewState":{"m_AlwaysRefresh":false,"showFog":true,"showSkybox":true,"showFlares":true,"showImageEffects":true,"showParticleSystems":true,"showVisualEffectGraphs":true,"m_FxEnabled":true},"in2DMode":false,"pivot":{"x":0.32247471809387209,"y":1.0642962455749512,"z":0.29905450344085696},"rotation":{"x":0.3309372067451477,"y":-0.23568357527256013,"z":0.08573701232671738,"w":0.9097177982330322},"size":1.898807168006897,"orthographic":true}